{
  "set_size": 5,
  "iteration": 5,
  "qwk": 0.381332976624419,
  "best_method": "percentile",
  "essay_ids": [
    "198c196",
    "2822b94",
    "3cd6a2d",
    "942bd1e",
    "eb094a5"
  ],
  "score_distribution": {
    "3": 2,
    "1": 1,
    "2": 1,
    "4": 1
  },
  "timestamp": "2025-08-26T11:09:47.340269"
}