{
  "set_size": 6,
  "iteration": 2,
  "qwk": 0.6237164905716532,
  "best_method": "original",
  "essay_ids": [
    "12309f9",
    "1cbab90",
    "252141e",
    "4433232",
    "6d19518",
    "d71b7f8"
  ],
  "score_distribution": {
    "3": 2,
    "2": 2,
    "5": 1,
    "6": 1
  },
  "timestamp": "2025-08-26T11:18:28.623825"
}