{
  "set_size": 5,
  "iteration": 1,
  "qwk": 0.5346699603607745,
  "best_method": "percentile",
  "essay_ids": [
    "0e9b816",
    "76b6a48",
    "bae2934",
    "f8e6cf7",
    "fe37a5a"
  ],
  "score_distribution": {
    "3": 2,
    "1": 1,
    "4": 1,
    "2": 1
  },
  "timestamp": "2025-08-26T11:01:03.368510"
}