{
  "set_size": 5,
  "iteration": 6,
  "qwk": 0.5767769940314704,
  "best_method": "original",
  "essay_ids": [
    "3122de5",
    "4148241",
    "775ee7f",
    "7bc0860",
    "a2cce9b"
  ],
  "score_distribution": {
    "3": 2,
    "2": 1,
    "1": 1,
    "4": 1
  },
  "timestamp": "2025-08-26T11:11:36.152095"
}