{
  "set_size": 5,
  "iteration": 3,
  "qwk": 0.5482899548289955,
  "best_method": "percentile",
  "essay_ids": [
    "400105a",
    "a8b26b9",
    "c881343",
    "de27b5d",
    "e61599f"
  ],
  "score_distribution": {
    "3": 2,
    "2": 1,
    "1": 1,
    "4": 1
  },
  "timestamp": "2025-08-26T11:04:50.843543"
}