{
  "set_size": 6,
  "iteration": 1,
  "qwk": 0.6039028107858769,
  "best_method": "original",
  "essay_ids": [
    "08def35",
    "1cbab90",
    "41a6642",
    "a789744",
    "a9fbd0a",
    "bff9681"
  ],
  "score_distribution": {
    "2": 2,
    "3": 2,
    "6": 1,
    "5": 1
  },
  "timestamp": "2025-08-26T11:15:56.062205"
}